Workbook

Sheet Read me
A1: Naira on the Plate
A2: Nigerian food prices, Jan 2019 to Jul 2026, national average across 68 markets.
A4: Sheet | B4: What it shows
A5: Pick a food | B5: Choose any food in the yellow cell. The stats and chart update to show its price since 2019.
A6: Peak to now | B6: Each food's price in Jan 2023, its peak, and how far it has fallen since. Green = fell the most.
A7: By zone | B7: Cost of 1 kg each of rice, beans and garri in the five geopolitical zones, with a chart.
A8: Prices | B8: The data: monthly national average price for 15 foods (in each food's own unit).
A9: Zones | B9: The data: monthly rice, beans and garri prices for each zone, plus the plate cost formula.
A11: Source | B11: World Bank, Monthly food price estimates by product and market, Nigeria. File: NGA_RTFP_mkt_2007_2026-08-03.csv. https://microdata.worldbank.org/catalog/4503
A12: About the prices | B12: These are the World Bank's monthly estimated (close) prices. Since 2019 only about a quarter were directly collected. The rest are model estimates.
A13: Formulas | B13: Only the Prices and Zones sheets contain typed-in data. Every other number is a formula, so you can trace it with Formulas > Trace Precedents.
A14: Full analysis | B14: SQL, charts and write-up: github.com/midexol/data-analyst-portfolio (01-nigeria-food-prices)

Sheet Pick a food
A1: Pick a food to see its price since 2019
A3: Food | B3: Beans (2.5 kg) | C3: Change this cell (dropdown)
A5: Jan 2023 | B5: =INDEX('Peak to now'!$B$5:$B$19,MATCH($B$3,'Peak to now'!$A$5:$A$19,0)) -> 1077.85
A6: Peak | B6: =INDEX('Peak to now'!$C$5:$C$19,MATCH($B$3,'Peak to now'!$A$5:$A$19,0)) -> 4596.67
A7: Peak month | B7: =INDEX('Peak to now'!$D$5:$D$19,MATCH($B$3,'Peak to now'!$A$5:$A$19,0)) -> 45536
A8: Jul 2026 | B8: =INDEX('Peak to now'!$E$5:$E$19,MATCH($B$3,'Peak to now'!$A$5:$A$19,0)) -> 2276.95
A9: Down from peak | B9: =INDEX('Peak to now'!$G$5:$G$19,MATCH($B$3,'Peak to now'!$A$5:$A$19,0)) -> -0.50465228
A10: Jan 2023 to now | B10: =INDEX('Peak to now'!$H$5:$H$19,MATCH($B$3,'Peak to now'!$A$5:$A$19,0)) -> 1.1124925
A13: Month | B13: Price (naira) | C13: Index (Jan 2023 = 100) | D13: Year label
A14: =Prices!A2 -> 43466 | B14: =INDEX(Prices!$B$2:$P$2,MATCH($B$3,Prices!$B$1:$P$1,0)) -> 536.73 | C14: =B14/$B$5*100 -> 49.796354 | D14: =IF(MONTH(A14)=1,YEAR(A14),"") -> 2019
A15: =Prices!A3 -> 43497 | B15: =INDEX(Prices!$B$3:$P$3,MATCH($B$3,Prices!$B$1:$P$1,0)) -> 539.41 | C15: =B15/$B$5*100 -> 50.044997 | D15: =IF(MONTH(A15)=1,YEAR(A15),"")
A16: =Prices!A4 -> 43525 | B16: =INDEX(Prices!$B$4:$P$4,MATCH($B$3,Prices!$B$1:$P$1,0)) -> 555.47 | C16: =B16/$B$5*100 -> 51.535 | D16: =IF(MONTH(A16)=1,YEAR(A16),"")
A17: =Prices!A5 -> 43556 | B17: =INDEX(Prices!$B$5:$P$5,MATCH($B$3,Prices!$B$1:$P$1,0)) -> 488.5 | C17: =B17/$B$5*100 -> 45.321705 | D17: =IF(MONTH(A17)=1,YEAR(A17),"")
A18: =Prices!A6 -> 43586 | B18: =INDEX(Prices!$B$6:$P$6,MATCH($B$3,Prices!$B$1:$P$1,0)) -> 457.3 | C18: =B18/$B$5*100 -> 42.427054 | D18: =IF(MONTH(A18)=1,YEAR(A18),"")
A19: =Prices!A7 -> 43617 | B19: =INDEX(Prices!$B$7:$P$7,MATCH($B$3,Prices!$B$1:$P$1,0)) -> 462.76 | C19: =B19/$B$5*100 -> 42.933618 | D19: =IF(MONTH(A19)=1,YEAR(A19),"")
A20: =Prices!A8 -> 43647 | B20: =INDEX(Prices!$B$8:$P$8,MATCH($B$3,Prices!$B$1:$P$1,0)) -> 426.73 | C20: =B20/$B$5*100 -> 39.590852 | D20: =IF(MONTH(A20)=1,YEAR(A20),"")
A21: =Prices!A9 -> 43678 | B21: =INDEX(Prices!$B$9:$P$9,MATCH($B$3,Prices!$B$1:$P$1,0)) -> 411.69 | C21: =B21/$B$5*100 -> 38.195482 | D21: =IF(MONTH(A21)=1,YEAR(A21),"")
A22: =Prices!A10 -> 43709 | B22: =INDEX(Prices!$B$10:$P$10,MATCH($B$3,Prices!$B$1:$P$1,0)) -> 460.77 | C22: =B22/$B$5*100 -> 42.748991 | D22: =IF(MONTH(A22)=1,YEAR(A22),"")
A23: =Prices!A11 -> 43739 | B23: =INDEX(Prices!$B$11:$P$11,MATCH($B$3,Prices!$B$1:$P$1,0)) -> 352.99 | C23: =B23/$B$5*100 -> 32.749455 | D23: =IF(MONTH(A23)=1,YEAR(A23),"")
A24: =Prices!A12 -> 43770 | B24: =INDEX(Prices!$B$12:$P$12,MATCH($B$3,Prices!$B$1:$P$1,0)) -> 355.32 | C24: =B24/$B$5*100 -> 32.965626 | D24: =IF(MONTH(A24)=1,YEAR(A24),"")
A25: =Prices!A13 -> 43800 | B25: =INDEX(Prices!$B$13:$P$13,MATCH($B$3,Prices!$B$1:$P$1,0)) -> 371.23 | C25: =B25/$B$5*100 -> 34.441713 | D25: =IF(MONTH(A25)=1,YEAR(A25),"")
A26: =Prices!A14 -> 43831 | B26: =INDEX(Prices!$B$14:$P$14,MATCH($B$3,Prices!$B$1:$P$1,0)) -> 340.87 | C26: =B26/$B$5*100 -> 31.624994 | D26: =IF(MONTH(A26)=1,YEAR(A26),"") -> 2020
A27: =Prices!A15 -> 43862 | B27: =INDEX(Prices!$B$15:$P$15,MATCH($B$3,Prices!$B$1:$P$1,0)) -> 358.49 | C27: =B27/$B$5*100 -> 33.25973 | D27: =IF(MONTH(A27)=1,YEAR(A27),"")
A28: =Prices!A16 -> 43891 | B28: =INDEX(Prices!$B$16:$P$16,MATCH($B$3,Prices!$B$1:$P$1,0)) -> 384.77 | C28: =B28/$B$5*100 -> 35.697917 | D28: =IF(MONTH(A28)=1,YEAR(A28),"")
A29: =Prices!A17 -> 43922 | B29: =INDEX(Prices!$B$17:$P$17,MATCH($B$3,Prices!$B$1:$P$1,0)) -> 405.23 | C29: =B29/$B$5*100 -> 37.59614 | D29: =IF(MONTH(A29)=1,YEAR(A29),"")
A30: =Prices!A18 -> 43952 | B30: =INDEX(Prices!$B$18:$P$18,MATCH($B$3,Prices!$B$1:$P$1,0)) -> 438.52 | C30: =B30/$B$5*100 -> 40.684696 | D30: =IF(MONTH(A30)=1,YEAR(A30),"")
A31: =Prices!A19 -> 43983 | B31: =INDEX(Prices!$B$19:$P$19,MATCH($B$3,Prices!$B$1:$P$1,0)) -> 465.04 | C31: =B31/$B$5*100 -> 43.14515 | D31: =IF(MONTH(A31)=1,YEAR(A31),"")
A32: =Prices!A20 -> 44013 | B32: =INDEX(Prices!$B$20:$P$20,MATCH($B$3,Prices!$B$1:$P$1,0)) -> 575.58 | C32: =B32/$B$5*100 -> 53.400751 | D32: =IF(MONTH(A32)=1,YEAR(A32),"")
A33: =Prices!A21 -> 44044 | B33: =INDEX(Prices!$B$21:$P$21,MATCH($B$3,Prices!$B$1:$P$1,0)) -> 709.92 | C33: =B33/$B$5*100 -> 65.864452 | D33: =IF(MONTH(A33)=1,YEAR(A33),"")
A34: =Prices!A22 -> 44075 | B34: =INDEX(Prices!$B$22:$P$22,MATCH($B$3,Prices!$B$1:$P$1,0)) -> 824.3 | C34: =B34/$B$5*100 -> 76.476319 | D34: =IF(MONTH(A34)=1,YEAR(A34),"")
A35: =Prices!A23 -> 44105 | B35: =INDEX(Prices!$B$23:$P$23,MATCH($B$3,Prices!$B$1:$P$1,0)) -> 763.39 | C35: =B35/$B$5*100 -> 70.825254 | D35: =IF(MONTH(A35)=1,YEAR(A35),"")
A36: =Prices!A24 -> 44136 | B36: =INDEX(Prices!$B$24:$P$24,MATCH($B$3,Prices!$B$1:$P$1,0)) -> 660.38 | C36: =B36/$B$5*100 -> 61.268266 | D36: =IF(MONTH(A36)=1,YEAR(A36),"")
A37: =Prices!A25 -> 44166 | B37: =INDEX(Prices!$B$25:$P$25,MATCH($B$3,Prices!$B$1:$P$1,0)) -> 741.36 | C37: =B37/$B$5*100 -> 68.78137 | D37: =IF(MONTH(A37)=1,YEAR(A37),"")
A38: =Prices!A26 -> 44197 | B38: =INDEX(Prices!$B$26:$P$26,MATCH($B$3,Prices!$B$1:$P$1,0)) -> 887.71 | C38: =B38/$B$5*100 -> 82.359326 | D38: =IF(MONTH(A38)=1,YEAR(A38),"") -> 2021
A39: =Prices!A27 -> 44228 | B39: =INDEX(Prices!$B$27:$P$27,MATCH($B$3,Prices!$B$1:$P$1,0)) -> 939.7 | C39: =B39/$B$5*100 -> 87.182818 | D39: =IF(MONTH(A39)=1,YEAR(A39),"")
A40: =Prices!A28 -> 44256 | B40: =INDEX(Prices!$B$28:$P$28,MATCH($B$3,Prices!$B$1:$P$1,0)) -> 1142.76 | C40: =B40/$B$5*100 -> 106.02217 | D40: =IF(MONTH(A40)=1,YEAR(A40),"")
A41: =Prices!A29 -> 44287 | B41: =INDEX(Prices!$B$29:$P$29,MATCH($B$3,Prices!$B$1:$P$1,0)) -> 1112.14 | C41: =B41/$B$5*100 -> 103.18133 | D41: =IF(MONTH(A41)=1,YEAR(A41),"")
A42: =Prices!A30 -> 44317 | B42: =INDEX(Prices!$B$30:$P$30,MATCH($B$3,Prices!$B$1:$P$1,0)) -> 1178.45 | C42: =B42/$B$5*100 -> 109.3334 | D42: =IF(MONTH(A42)=1,YEAR(A42),"")
A43: =Prices!A31 -> 44348 | B43: =INDEX(Prices!$B$31:$P$31,MATCH($B$3,Prices!$B$1:$P$1,0)) -> 1345.71 | C43: =B43/$B$5*100 -> 124.85132 | D43: =IF(MONTH(A43)=1,YEAR(A43),"")
A44: =Prices!A32 -> 44378 | B44: =INDEX(Prices!$B$32:$P$32,MATCH($B$3,Prices!$B$1:$P$1,0)) -> 1416.95 | C44: =B44/$B$5*100 -> 131.46078 | D44: =IF(MONTH(A44)=1,YEAR(A44),"")
A45: =Prices!A33 -> 44409 | B45: =INDEX(Prices!$B$33:$P$33,MATCH($B$3,Prices!$B$1:$P$1,0)) -> 1243.74 | C45: =B45/$B$5*100 -> 115.39082 | D45: =IF(MONTH(A45)=1,YEAR(A45),"")
A46: =Prices!A34 -> 44440 | B46: =INDEX(Prices!$B$34:$P$34,MATCH($B$3,Prices!$B$1:$P$1,0)) -> 1317.48 | C46: =B46/$B$5*100 -> 122.23222 | D46: =IF(MONTH(A46)=1,YEAR(A46),"")
A47: =Prices!A35 -> 44470 | B47: =INDEX(Prices!$B$35:$P$35,MATCH($B$3,Prices!$B$1:$P$1,0)) -> 1154.97 | C47: =B47/$B$5*100 -> 107.15498 | D47: =IF(MONTH(A47)=1,YEAR(A47),"")
A48: =Prices!A36 -> 44501 | B48: =INDEX(Prices!$B$36:$P$36,MATCH($B$3,Prices!$B$1:$P$1,0)) -> 1153.99 | C48: =B48/$B$5*100 -> 107.06406 | D48: =IF(MONTH(A48)=1,YEAR(A48),"")
A49: =Prices!A37 -> 44531 | B49: =INDEX(Prices!$B$37:$P$37,MATCH($B$3,Prices!$B$1:$P$1,0)) -> 1088.14 | C49: =B49/$B$5*100 -> 100.95468 | D49: =IF(MONTH(A49)=1,YEAR(A49),"")
A50: =Prices!A38 -> 44562 | B50: =INDEX(Prices!$B$38:$P$38,MATCH($B$3,Prices!$B$1:$P$1,0)) -> 1126.97 | C50: =B50/$B$5*100 -> 104.55722 | D50: =IF(MONTH(A50)=1,YEAR(A50),"") -> 2022
A51: =Prices!A39 -> 44593 | B51: =INDEX(Prices!$B$39:$P$39,MATCH($B$3,Prices!$B$1:$P$1,0)) -> 1139.4 | C51: =B51/$B$5*100 -> 105.71044 | D51: =IF(MONTH(A51)=1,YEAR(A51),"")
A52: =Prices!A40 -> 44621 | B52: =INDEX(Prices!$B$40:$P$40,MATCH($B$3,Prices!$B$1:$P$1,0)) -> 1195.01 | C52: =B52/$B$5*100 -> 110.86979 | D52: =IF(MONTH(A52)=1,YEAR(A52),"")
A53: =Prices!A41 -> 44652 | B53: =INDEX(Prices!$B$41:$P$41,MATCH($B$3,Prices!$B$1:$P$1,0)) -> 1167.41 | C53: =B53/$B$5*100 -> 108.30913 | D53: =IF(MONTH(A53)=1,YEAR(A53),"")
A54: =Prices!A42 -> 44682 | B54: =INDEX(Prices!$B$42:$P$42,MATCH($B$3,Prices!$B$1:$P$1,0)) -> 1160.86 | C54: =B54/$B$5*100 -> 107.70144 | D54: =IF(MONTH(A54)=1,YEAR(A54),"")
A55: =Prices!A43 -> 44713 | B55: =INDEX(Prices!$B$43:$P$43,MATCH($B$3,Prices!$B$1:$P$1,0)) -> 1196.31 | C55: =B55/$B$5*100 -> 110.9904 | D55: =IF(MONTH(A55)=1,YEAR(A55),"")
A56: =Prices!A44 -> 44743 | B56: =INDEX(Prices!$B$44:$P$44,MATCH($B$3,Prices!$B$1:$P$1,0)) -> 1138.39 | C56: =B56/$B$5*100 -> 105.61674 | D56: =IF(MONTH(A56)=1,YEAR(A56),"")
A57: =Prices!A45 -> 44774 | B57: =INDEX(Prices!$B$45:$P$45,MATCH($B$3,Prices!$B$1:$P$1,0)) -> 1091.18 | C57: =B57/$B$5*100 -> 101.23672 | D57: =IF(MONTH(A57)=1,YEAR(A57),"")
A58: =Prices!A46 -> 44805 | B58: =INDEX(Prices!$B$46:$P$46,MATCH($B$3,Prices!$B$1:$P$1,0)) -> 1099.45 | C58: =B58/$B$5*100 -> 102.00399 | D58: =IF(MONTH(A58)=1,YEAR(A58),"")
A59: =Prices!A47 -> 44835 | B59: =INDEX(Prices!$B$47:$P$47,MATCH($B$3,Prices!$B$1:$P$1,0)) -> 1080.4 | C59: =B59/$B$5*100 -> 100.23658 | D59: =IF(MONTH(A59)=1,YEAR(A59),"")
A60: =Prices!A48 -> 44866 | B60: =INDEX(Prices!$B$48:$P$48,MATCH($B$3,Prices!$B$1:$P$1,0)) -> 1057.84 | C60: =B60/$B$5*100 -> 98.143526 | D60: =IF(MONTH(A60)=1,YEAR(A60),"")
A61: =Prices!A49 -> 44896 | B61: =INDEX(Prices!$B$49:$P$49,MATCH($B$3,Prices!$B$1:$P$1,0)) -> 1061.86 | C61: =B61/$B$5*100 -> 98.516491 | D61: =IF(MONTH(A61)=1,YEAR(A61),"")
A62: =Prices!A50 -> 44927 | B62: =INDEX(Prices!$B$50:$P$50,MATCH($B$3,Prices!$B$1:$P$1,0)) -> 1077.85 | C62: =B62/$B$5*100 -> 100 | D62: =IF(MONTH(A62)=1,YEAR(A62),"") -> 2023
A63: =Prices!A51 -> 44958 | B63: =INDEX(Prices!$B$51:$P$51,MATCH($B$3,Prices!$B$1:$P$1,0)) -> 961.37 | C63: =B63/$B$5*100 -> 89.193301 | D63: =IF(MONTH(A63)=1,YEAR(A63),"")
A64: =Prices!A52 -> 44986 | B64: =INDEX(Prices!$B$52:$P$52,MATCH($B$3,Prices!$B$1:$P$1,0)) -> 1149.57 | C64: =B64/$B$5*100 -> 106.65399 | D64: =IF(MONTH(A64)=1,YEAR(A64),"")
A65: =Prices!A53 -> 45017 | B65: =INDEX(Prices!$B$53:$P$53,MATCH($B$3,Prices!$B$1:$P$1,0)) -> 1159.07 | C65: =B65/$B$5*100 -> 107.53537 | D65: =IF(MONTH(A65)=1,YEAR(A65),"")
A66: =Prices!A54 -> 45047 | B66: =INDEX(Prices!$B$54:$P$54,MATCH($B$3,Prices!$B$1:$P$1,0)) -> 1346.1 | C66: =B66/$B$5*100 -> 124.88751 | D66: =IF(MONTH(A66)=1,YEAR(A66),"")
A67: =Prices!A55 -> 45078 | B67: =INDEX(Prices!$B$55:$P$55,MATCH($B$3,Prices!$B$1:$P$1,0)) -> 1426.65 | C67: =B67/$B$5*100 -> 132.36072 | D67: =IF(MONTH(A67)=1,YEAR(A67),"")
A68: =Prices!A56 -> 45108 | B68: =INDEX(Prices!$B$56:$P$56,MATCH($B$3,Prices!$B$1:$P$1,0)) -> 1617.26 | C68: =B68/$B$5*100 -> 150.045 | D68: =IF(MONTH(A68)=1,YEAR(A68),"")
A69: =Prices!A57 -> 45139 | B69: =INDEX(Prices!$B$57:$P$57,MATCH($B$3,Prices!$B$1:$P$1,0)) -> 1947.06 | C69: =B69/$B$5*100 -> 180.64295 | D69: =IF(MONTH(A69)=1,YEAR(A69),"")
A70: =Prices!A58 -> 45170 | B70: =INDEX(Prices!$B$58:$P$58,MATCH($B$3,Prices!$B$1:$P$1,0)) -> 1984.88 | C70: =B70/$B$5*100 -> 184.15178 | D70: =IF(MONTH(A70)=1,YEAR(A70),"")
A71: =Prices!A59 -> 45200 | B71: =INDEX(Prices!$B$59:$P$59,MATCH($B$3,Prices!$B$1:$P$1,0)) -> 1968.07 | C71: =B71/$B$5*100 -> 182.5922 | D71: =IF(MONTH(A71)=1,YEAR(A71),"")
A72: =Prices!A60 -> 45231 | B72: =INDEX(Prices!$B$60:$P$60,MATCH($B$3,Prices!$B$1:$P$1,0)) -> 1888.32 | C72: =B72/$B$5*100 -> 175.19321 | D72: =IF(MONTH(A72)=1,YEAR(A72),"")
A73: =Prices!A61 -> 45261 | B73: =INDEX(Prices!$B$61:$P$61,MATCH($B$3,Prices!$B$1:$P$1,0)) -> 2269.08 | C73: =B73/$B$5*100 -> 210.51909 | D73: =IF(MONTH(A73)=1,YEAR(A73),"")
A74: =Prices!A62 -> 45292 | B74: =INDEX(Prices!$B$62:$P$62,MATCH($B$3,Prices!$B$1:$P$1,0)) -> 2571.63 | C74: =B74/$B$5*100 -> 238.58886 | D74: =IF(MONTH(A74)=1,YEAR(A74),"") -> 2024
A75: =Prices!A63 -> 45323 | B75: =INDEX(Prices!$B$63:$P$63,MATCH($B$3,Prices!$B$1:$P$1,0)) -> 2674.75 | C75: =B75/$B$5*100 -> 248.15605 | D75: =IF(MONTH(A75)=1,YEAR(A75),"")
A76: =Prices!A64 -> 45352 | B76: =INDEX(Prices!$B$64:$P$64,MATCH($B$3,Prices!$B$1:$P$1,0)) -> 2929.43 | C76: =B76/$B$5*100 -> 271.78457 | D76: =IF(MONTH(A76)=1,YEAR(A76),"")
A77: =Prices!A65 -> 45383 | B77: =INDEX(Prices!$B$65:$P$65,MATCH($B$3,Prices!$B$1:$P$1,0)) -> 2962.37 | C77: =B77/$B$5*100 -> 274.84066 | D77: =IF(MONTH(A77)=1,YEAR(A77),"")
A78: =Prices!A66 -> 45413 | B78: =INDEX(Prices!$B$66:$P$66,MATCH($B$3,Prices!$B$1:$P$1,0)) -> 3240.98 | C78: =B78/$B$5*100 -> 300.68934 | D78: =IF(MONTH(A78)=1,YEAR(A78),"")
A79: =Prices!A67 -> 45444 | B79: =INDEX(Prices!$B$67:$P$67,MATCH($B$3,Prices!$B$1:$P$1,0)) -> 4008.99 | C79: =B79/$B$5*100 -> 371.94322 | D79: =IF(MONTH(A79)=1,YEAR(A79),"")
A80: =Prices!A68 -> 45474 | B80: =INDEX(Prices!$B$68:$P$68,MATCH($B$3,Prices!$B$1:$P$1,0)) -> 4254.76 | C80: =B80/$B$5*100 -> 394.74509 | D80: =IF(MONTH(A80)=1,YEAR(A80),"")
A81: =Prices!A69 -> 45505 | B81: =INDEX(Prices!$B$69:$P$69,MATCH($B$3,Prices!$B$1:$P$1,0)) -> 4523.11 | C81: =B81/$B$5*100 -> 419.64188 | D81: =IF(MONTH(A81)=1,YEAR(A81),"")
A82: =Prices!A70 -> 45536 | B82: =INDEX(Prices!$B$70:$P$70,MATCH($B$3,Prices!$B$1:$P$1,0)) -> 4596.67 | C82: =B82/$B$5*100 -> 426.46658 | D82: =IF(MONTH(A82)=1,YEAR(A82),"")
A83: =Prices!A71 -> 45566 | B83: =INDEX(Prices!$B$71:$P$71,MATCH($B$3,Prices!$B$1:$P$1,0)) -> 3860.23 | C83: =B83/$B$5*100 -> 358.14167 | D83: =IF(MONTH(A83)=1,YEAR(A83),"")
A84: =Prices!A72 -> 45597 | B84: =INDEX(Prices!$B$72:$P$72,MATCH($B$3,Prices!$B$1:$P$1,0)) -> 3772.79 | C84: =B84/$B$5*100 -> 350.02922 | D84: =IF(MONTH(A84)=1,YEAR(A84),"")
A85: =Prices!A73 -> 45627 | B85: =INDEX(Prices!$B$73:$P$73,MATCH($B$3,Prices!$B$1:$P$1,0)) -> 3553.2 | C85: =B85/$B$5*100 -> 329.65626 | D85: =IF(MONTH(A85)=1,YEAR(A85),"")
A86: =Prices!A74 -> 45658 | B86: =INDEX(Prices!$B$74:$P$74,MATCH($B$3,Prices!$B$1:$P$1,0)) -> 3548.9 | C86: =B86/$B$5*100 -> 329.25732 | D86: =IF(MONTH(A86)=1,YEAR(A86),"") -> 2025
A87: =Prices!A75 -> 45689 | B87: =INDEX(Prices!$B$75:$P$75,MATCH($B$3,Prices!$B$1:$P$1,0)) -> 3495.55 | C87: =B87/$B$5*100 -> 324.30765 | D87: =IF(MONTH(A87)=1,YEAR(A87),"")
A88: =Prices!A76 -> 45717 | B88: =INDEX(Prices!$B$76:$P$76,MATCH($B$3,Prices!$B$1:$P$1,0)) -> 3240.57 | C88: =B88/$B$5*100 -> 300.6513 | D88: =IF(MONTH(A88)=1,YEAR(A88),"")
A89: =Prices!A77 -> 45748 | B89: =INDEX(Prices!$B$77:$P$77,MATCH($B$3,Prices!$B$1:$P$1,0)) -> 3003.84 | C89: =B89/$B$5*100 -> 278.68813 | D89: =IF(MONTH(A89)=1,YEAR(A89),"")
A90: =Prices!A78 -> 45778 | B90: =INDEX(Prices!$B$78:$P$78,MATCH($B$3,Prices!$B$1:$P$1,0)) -> 3147.84 | C90: =B90/$B$5*100 -> 292.04806 | D90: =IF(MONTH(A90)=1,YEAR(A90),"")
A91: =Prices!A79 -> 45809 | B91: =INDEX(Prices!$B$79:$P$79,MATCH($B$3,Prices!$B$1:$P$1,0)) -> 2987.99 | C91: =B91/$B$5*100 -> 277.21761 | D91: =IF(MONTH(A91)=1,YEAR(A91),"")
A92: =Prices!A80 -> 45839 | B92: =INDEX(Prices!$B$80:$P$80,MATCH($B$3,Prices!$B$1:$P$1,0)) -> 2635.35 | C92: =B92/$B$5*100 -> 244.50063 | D92: =IF(MONTH(A92)=1,YEAR(A92),"")
A93: =Prices!A81 -> 45870 | B93: =INDEX(Prices!$B$81:$P$81,MATCH($B$3,Prices!$B$1:$P$1,0)) -> 2488.58 | C93: =B93/$B$5*100 -> 230.8837 | D93: =IF(MONTH(A93)=1,YEAR(A93),"")
A94: =Prices!A82 -> 45901 | B94: =INDEX(Prices!$B$82:$P$82,MATCH($B$3,Prices!$B$1:$P$1,0)) -> 2310.77 | C94: =B94/$B$5*100 -> 214.38697 | D94: =IF(MONTH(A94)=1,YEAR(A94),"")
A95: =Prices!A83 -> 45931 | B95: =INDEX(Prices!$B$83:$P$83,MATCH($B$3,Prices!$B$1:$P$1,0)) -> 2322.77 | C95: =B95/$B$5*100 -> 215.5003 | D95: =IF(MONTH(A95)=1,YEAR(A95),"")
A96: =Prices!A84 -> 45962 | B96: =INDEX(Prices!$B$84:$P$84,MATCH($B$3,Prices!$B$1:$P$1,0)) -> 2118.83 | C96: =B96/$B$5*100 -> 196.5793 | D96: =IF(MONTH(A96)=1,YEAR(A96),"")
A97: =Prices!A85 -> 45992 | B97: =INDEX(Prices!$B$85:$P$85,MATCH($B$3,Prices!$B$1:$P$1,0)) -> 1908.9 | C97: =B97/$B$5*100 -> 177.10257 | D97: =IF(MONTH(A97)=1,YEAR(A97),"")
A98: =Prices!A86 -> 46023 | B98: =INDEX(Prices!$B$86:$P$86,MATCH($B$3,Prices!$B$1:$P$1,0)) -> 1884.72 | C98: =B98/$B$5*100 -> 174.85921 | D98: =IF(MONTH(A98)=1,YEAR(A98),"") -> 2026
A99: =Prices!A87 -> 46054 | B99: =INDEX(Prices!$B$87:$P$87,MATCH($B$3,Prices!$B$1:$P$1,0)) -> 1819.31 | C99: =B99/$B$5*100 -> 168.79065 | D99: =IF(MONTH(A99)=1,YEAR(A99),"")
A100: =Prices!A88 -> 46082 | B100: =INDEX(Prices!$B$88:$P$88,MATCH($B$3,Prices!$B$1:$P$1,0)) -> 2073.43 | C100: =B100/$B$5*100 -> 192.36721 | D100: =IF(MONTH(A100)=1,YEAR(A100),"")
A101: =Prices!A89 -> 46113 | B101: =INDEX(Prices!$B$89:$P$89,MATCH($B$3,Prices!$B$1:$P$1,0)) -> 2116.96 | C101: =B101/$B$5*100 -> 196.40581 | D101: =IF(MONTH(A101)=1,YEAR(A101),"")
A102: =Prices!A90 -> 46143 | B102: =INDEX(Prices!$B$90:$P$90,MATCH($B$3,Prices!$B$1:$P$1,0)) -> 2241.3 | C102: =B102/$B$5*100 -> 207.94174 | D102: =IF(MONTH(A102)=1,YEAR(A102),"")
A103: =Prices!A91 -> 46174 | B103: =INDEX(Prices!$B$91:$P$91,MATCH($B$3,Prices!$B$1:$P$1,0)) -> 2290.65 | C103: =B103/$B$5*100 -> 212.5203 | D103: =IF(MONTH(A103)=1,YEAR(A103),"")
A104: =Prices!A92 -> 46204 | B104: =INDEX(Prices!$B$92:$P$92,MATCH($B$3,Prices!$B$1:$P$1,0)) -> 2276.95 | C104: =B104/$B$5*100 -> 211.24925 | D104: =IF(MONTH(A104)=1,YEAR(A104),"")

Sheet Peak to now
A1: How far has each food fallen from its peak?
A2: National average prices in naira. Peak = highest month from Jan 2023 to Jul 2026. Every number below is a formula on the Prices sheet.
A4: Food | B4: Jan 2023 | C4: Peak | D4: Peak month | E4: Jul 2026 | F4: Rise to peak | G4: Down from peak | H4: Jan 2023 to now
A5: Beans (2.5 kg) | B5: =INDEX(Prices!$B$50:$P$92,1,MATCH($A5,Prices!$B$1:$P$1,0)) -> 1077.85 | C5: =MAX(INDEX(Prices!$B$50:$P$92,0,MATCH($A5,Prices!$B$1:$P$1,0))) -> 4596.67 | D5: =INDEX(Prices!$A$50:$A$92,MATCH(C5,INDEX(Prices!$B$50:$P$92,0,MATCH($A5,Prices!$B$1:$P$1,0)),0)) -> 45536 | E5: =INDEX(Prices!$B$50:$P$92,ROWS(Prices!$A$50:$A$92),MATCH($A5,Prices!$B$1:$P$1,0)) -> 2276.95 | F5: =C5/B5-1 -> 3.2646658 | G5: =E5/C5-1 -> -0.50465228 | H5: =E5/B5-1 -> 1.1124925
A6: Maize (1 kg) | B6: =INDEX(Prices!$B$50:$P$92,1,MATCH($A6,Prices!$B$1:$P$1,0)) -> 424.8 | C6: =MAX(INDEX(Prices!$B$50:$P$92,0,MATCH($A6,Prices!$B$1:$P$1,0))) -> 1524.34 | D6: =INDEX(Prices!$A$50:$A$92,MATCH(C6,INDEX(Prices!$B$50:$P$92,0,MATCH($A6,Prices!$B$1:$P$1,0)),0)) -> 45839 | E6: =INDEX(Prices!$B$50:$P$92,ROWS(Prices!$A$50:$A$92),MATCH($A6,Prices!$B$1:$P$1,0)) -> 829.65 | F6: =C6/B6-1 -> 2.588371 | G6: =E6/C6-1 -> -0.45573166 | H6: =E6/B6-1 -> 0.95303672
A7: Sorghum (1 kg) | B7: =INDEX(Prices!$B$50:$P$92,1,MATCH($A7,Prices!$B$1:$P$1,0)) -> 288.25 | C7: =MAX(INDEX(Prices!$B$50:$P$92,0,MATCH($A7,Prices!$B$1:$P$1,0))) -> 954.01 | D7: =INDEX(Prices!$A$50:$A$92,MATCH(C7,INDEX(Prices!$B$50:$P$92,0,MATCH($A7,Prices!$B$1:$P$1,0)),0)) -> 45505 | E7: =INDEX(Prices!$B$50:$P$92,ROWS(Prices!$A$50:$A$92),MATCH($A7,Prices!$B$1:$P$1,0)) -> 523.84 | F7: =C7/B7-1 -> 2.3096618 | G7: =E7/C7-1 -> -0.45090722 | H7: =E7/B7-1 -> 0.81731136
A8: Millet (2.6 kg) | B8: =INDEX(Prices!$B$50:$P$92,1,MATCH($A8,Prices!$B$1:$P$1,0)) -> 924 | C8: =MAX(INDEX(Prices!$B$50:$P$92,0,MATCH($A8,Prices!$B$1:$P$1,0))) -> 2680.69 | D8: =INDEX(Prices!$A$50:$A$92,MATCH(C8,INDEX(Prices!$B$50:$P$92,0,MATCH($A8,Prices!$B$1:$P$1,0)),0)) -> 45505 | E8: =INDEX(Prices!$B$50:$P$92,ROWS(Prices!$A$50:$A$92),MATCH($A8,Prices!$B$1:$P$1,0)) -> 1568.17 | F8: =C8/B8-1 -> 1.9011797 | G8: =E8/C8-1 -> -0.41501255 | H8: =E8/B8-1 -> 0.69715368
A9: Garri (1 kg) | B9: =INDEX(Prices!$B$50:$P$92,1,MATCH($A9,Prices!$B$1:$P$1,0)) -> 342.47 | C9: =MAX(INDEX(Prices!$B$50:$P$92,0,MATCH($A9,Prices!$B$1:$P$1,0))) -> 1299.83 | D9: =INDEX(Prices!$A$50:$A$92,MATCH(C9,INDEX(Prices!$B$50:$P$92,0,MATCH($A9,Prices!$B$1:$P$1,0)),0)) -> 45717 | E9: =INDEX(Prices!$B$50:$P$92,ROWS(Prices!$A$50:$A$92),MATCH($A9,Prices!$B$1:$P$1,0)) -> 826.79 | F9: =C9/B9-1 -> 2.7954565 | G9: =E9/C9-1 -> -0.36392451 | H9: =E9/B9-1 -> 1.4141969
A10: Maize flour (2.1 kg) | B10: =INDEX(Prices!$B$50:$P$92,1,MATCH($A10,Prices!$B$1:$P$1,0)) -> 792.75 | C10: =MAX(INDEX(Prices!$B$50:$P$92,0,MATCH($A10,Prices!$B$1:$P$1,0))) -> 2333.82 | D10: =INDEX(Prices!$A$50:$A$92,MATCH(C10,INDEX(Prices!$B$50:$P$92,0,MATCH($A10,Prices!$B$1:$P$1,0)),0)) -> 45474 | E10: =INDEX(Prices!$B$50:$P$92,ROWS(Prices!$A$50:$A$92),MATCH($A10,Prices!$B$1:$P$1,0)) -> 1554.01 | F10: =C10/B10-1 -> 1.9439546 | G10: =E10/C10-1 -> -0.33413459 | H10: =E10/B10-1 -> 0.96027751
A11: Fish (1 kg) | B11: =INDEX(Prices!$B$50:$P$92,1,MATCH($A11,Prices!$B$1:$P$1,0)) -> 368.95 | C11: =MAX(INDEX(Prices!$B$50:$P$92,0,MATCH($A11,Prices!$B$1:$P$1,0))) -> 1679.31 | D11: =INDEX(Prices!$A$50:$A$92,MATCH(C11,INDEX(Prices!$B$50:$P$92,0,MATCH($A11,Prices!$B$1:$P$1,0)),0)) -> 45992 | E11: =INDEX(Prices!$B$50:$P$92,ROWS(Prices!$A$50:$A$92),MATCH($A11,Prices!$B$1:$P$1,0)) -> 1129.57 | F11: =C11/B11-1 -> 3.5515924 | G11: =E11/C11-1 -> -0.32736064 | H11: =E11/B11-1 -> 2.0615802
A12: Rice (1 kg) | B12: =INDEX(Prices!$B$50:$P$92,1,MATCH($A12,Prices!$B$1:$P$1,0)) -> 832.12 | C12: =MAX(INDEX(Prices!$B$50:$P$92,0,MATCH($A12,Prices!$B$1:$P$1,0))) -> 2878.52 | D12: =INDEX(Prices!$A$50:$A$92,MATCH(C12,INDEX(Prices!$B$50:$P$92,0,MATCH($A12,Prices!$B$1:$P$1,0)),0)) -> 45717 | E12: =INDEX(Prices!$B$50:$P$92,ROWS(Prices!$A$50:$A$92),MATCH($A12,Prices!$B$1:$P$1,0)) -> 2200.03 | F12: =C12/B12-1 -> 2.4592607 | G12: =E12/C12-1 -> -0.23570793 | H12: =E12/B12-1 -> 1.6438855
A13: Groundnuts (2.2 kg) | B13: =INDEX(Prices!$B$50:$P$92,1,MATCH($A13,Prices!$B$1:$P$1,0)) -> 1168.88 | C13: =MAX(INDEX(Prices!$B$50:$P$92,0,MATCH($A13,Prices!$B$1:$P$1,0))) -> 3872.47 | D13: =INDEX(Prices!$A$50:$A$92,MATCH(C13,INDEX(Prices!$B$50:$P$92,0,MATCH($A13,Prices!$B$1:$P$1,0)),0)) -> 45658 | E13: =INDEX(Prices!$B$50:$P$92,ROWS(Prices!$A$50:$A$92),MATCH($A13,Prices!$B$1:$P$1,0)) -> 3127.08 | F13: =C13/B13-1 -> 2.3129748 | G13: =E13/C13-1 -> -0.19248438 | H13: =E13/B13-1 -> 1.6752789
A14: Onions (0.5 kg) | B14: =INDEX(Prices!$B$50:$P$92,1,MATCH($A14,Prices!$B$1:$P$1,0)) -> 155.11 | C14: =MAX(INDEX(Prices!$B$50:$P$92,0,MATCH($A14,Prices!$B$1:$P$1,0))) -> 513.49 | D14: =INDEX(Prices!$A$50:$A$92,MATCH(C14,INDEX(Prices!$B$50:$P$92,0,MATCH($A14,Prices!$B$1:$P$1,0)),0)) -> 45748 | E14: =INDEX(Prices!$B$50:$P$92,ROWS(Prices!$A$50:$A$92),MATCH($A14,Prices!$B$1:$P$1,0)) -> 443.71 | F14: =C14/B14-1 -> 2.3104893 | G14: =E14/C14-1 -> -0.13589359 | H14: =E14/B14-1 -> 1.860615
A15: Yam (2.5 kg) | B15: =INDEX(Prices!$B$50:$P$92,1,MATCH($A15,Prices!$B$1:$P$1,0)) -> 852 | C15: =MAX(INDEX(Prices!$B$50:$P$92,0,MATCH($A15,Prices!$B$1:$P$1,0))) -> 3157.43 | D15: =INDEX(Prices!$A$50:$A$92,MATCH(C15,INDEX(Prices!$B$50:$P$92,0,MATCH($A15,Prices!$B$1:$P$1,0)),0)) -> 45717 | E15: =INDEX(Prices!$B$50:$P$92,ROWS(Prices!$A$50:$A$92),MATCH($A15,Prices!$B$1:$P$1,0)) -> 2848.58 | F15: =C15/B15-1 -> 2.7059038 | G15: =E15/C15-1 -> -0.097816895 | H15: =E15/B15-1 -> 2.3434038
A16: Milk (400 g) | B16: =INDEX(Prices!$B$50:$P$92,1,MATCH($A16,Prices!$B$1:$P$1,0)) -> 1997.92 | C16: =MAX(INDEX(Prices!$B$50:$P$92,0,MATCH($A16,Prices!$B$1:$P$1,0))) -> 4138.99 | D16: =INDEX(Prices!$A$50:$A$92,MATCH(C16,INDEX(Prices!$B$50:$P$92,0,MATCH($A16,Prices!$B$1:$P$1,0)),0)) -> 45809 | E16: =INDEX(Prices!$B$50:$P$92,ROWS(Prices!$A$50:$A$92),MATCH($A16,Prices!$B$1:$P$1,0)) -> 3831.91 | F16: =C16/B16-1 -> 1.0716495 | G16: =E16/C16-1 -> -0.074192013 | H16: =E16/B16-1 -> 0.91794967
... A19: Goat meat (1 kg) | B19: =INDEX(Prices!$B$50:$P$92,1,MATCH($A19,Prices!$B$1:$P$1,0)) -> 1884.77 | C19: =MAX(INDEX(Prices!$B$50:$P$92,0,MATCH($A19,Prices!$B$1:$P$1,0))) -> 5572.99 | D19: =INDEX(Prices!$A$50:$A$92,MATCH(C19,INDEX(Prices!$B$50:$P$92,0,MATCH($A19,Prices!$B$1:$P$1,0)),0)) -> 45839 | E19: =INDEX(Prices!$B$50:$P$92,ROWS(Prices!$A$50:$A$92),MATCH($A19,Prices!$B$1:$P$1,0)) -> 5443.59 | F19: =C19/B19-1 -> 1.9568542 | G19: =E19/C19-1 -> -0.023219134 | H19: =E19/B19-1 -> 1.8881986

Sheet By zone
A1: Where does a basic plate cost the most?
A2: 1 kg each of rice, beans and garri, in naira. Formulas pull from the Zones sheet.
B3: 44927 | C3: 45717 | D3: 46204
A4: Zone | B4: Jan 2023 | C4: Mar 2025 (peak) | D4: Jul 2026 | E4: Fall since peak | F4: vs North West now
A5: South South | B5: =SUMIFS(Zones!$F:$F,Zones!$A:$A,B$3,Zones!$B:$B,$A5) -> 1610.776 | C5: =SUMIFS(Zones!$F:$F,Zones!$A:$A,C$3,Zones!$B:$B,$A5) -> 5299.754 | D5: =SUMIFS(Zones!$F:$F,Zones!$A:$A,D$3,Zones!$B:$B,$A5) -> 4011.102 | E5: =D5/C5-1 -> -0.24315317 | F5: =D5/$D$9-1 -> 0.25039185
A6: South East | B6: =SUMIFS(Zones!$F:$F,Zones!$A:$A,B$3,Zones!$B:$B,$A6) -> 1699.992 | C6: =SUMIFS(Zones!$F:$F,Zones!$A:$A,C$3,Zones!$B:$B,$A6) -> 5411.372 | D6: =SUMIFS(Zones!$F:$F,Zones!$A:$A,D$3,Zones!$B:$B,$A6) -> 3971.342 | E6: =D6/C6-1 -> -0.26611181 | F6: =D6/$D$9-1 -> 0.23799735
A7: North Central | B7: =SUMIFS(Zones!$F:$F,Zones!$A:$A,B$3,Zones!$B:$B,$A7) -> 1427.236 | C7: =SUMIFS(Zones!$F:$F,Zones!$A:$A,C$3,Zones!$B:$B,$A7) -> 5218.65 | D7: =SUMIFS(Zones!$F:$F,Zones!$A:$A,D$3,Zones!$B:$B,$A7) -> 3742.222 | E7: =D7/C7-1 -> -0.28291378 | F7: =D7/$D$9-1 -> 0.16657315
A8: South West | B8: =SUMIFS(Zones!$F:$F,Zones!$A:$A,B$3,Zones!$B:$B,$A8) -> 1491.086 | C8: =SUMIFS(Zones!$F:$F,Zones!$A:$A,C$3,Zones!$B:$B,$A8) -> 4817.204 | D8: =SUMIFS(Zones!$F:$F,Zones!$A:$A,D$3,Zones!$B:$B,$A8) -> 3716.67 | E8: =D8/C8-1 -> -0.22845908 | F8: =D8/$D$9-1 -> 0.15860775
A9: North West | B9: =SUMIFS(Zones!$F:$F,Zones!$A:$A,B$3,Zones!$B:$B,$A9) -> 1440.476 | C9: =SUMIFS(Zones!$F:$F,Zones!$A:$A,C$3,Zones!$B:$B,$A9) -> 5449.124 | D9: =SUMIFS(Zones!$F:$F,Zones!$A:$A,D$3,Zones!$B:$B,$A9) -> 3207.876 | E9: =D9/C9-1 -> -0.41130428 | F9: =D9/$D$9-1 -> 0

Sheet Prices
A1: Month | B1: Beans (2.5 kg) | C1: Maize (1 kg) | D1: Sorghum (1 kg) | E1: Millet (2.6 kg) | F1: Garri (1 kg) | G1: Maize flour (2.1 kg) | H1: Fish (1 kg) | I1: Rice (1 kg) | J1: Groundnuts (2.2 kg) | K1: Onions (0.5 kg) | L1: Yam (2.5 kg) | M1: Milk (400 g) | N1: Eggs (30) | O1: Beef (1 kg) | P1: Goat meat (1 kg)
A2: 43466 | B2: 536.73 | C2: 210.95 | D2: 115.01 | E2: 418.39 | F2: 168.6 | G2: 434.27 | H2: 185.42 | I2: 436.9 | J2: 635.58 | K2: 138.86 | L2: 537.73 | M2: 983.19 | N2: 1034.72 | O2: 1203.05 | P2: 1185.18
A3: 43497 | B3: 539.41 | C3: 211.71 | D3: 110.11 | E3: 419.58 | F3: 168.18 | G3: 410.49 | H3: 211.63 | I3: 401.18 | J3: 575.46 | K3: 127.4 | L3: 533.23 | M3: 981.62 | N3: 1025.79 | O3: 1199.96 | P3: 1172.2
A4: 43525 | B4: 555.47 | C4: 213.17 | D4: 118.24 | E4: 426.05 | F4: 165.75 | G4: 425.62 | H4: 212.49 | I4: 424.23 | J4: 640.62 | K4: 130.79 | L4: 547.5 | M4: 980.77 | N4: 1008.1 | O4: 1190.09 | P4: 1170.47
A5: 43556 | B5: 488.5 | C5: 212 | D5: 117.12 | E5: 415.82 | F5: 166.96 | G5: 411.75 | H5: 139.18 | I5: 420.18 | J5: 595.67 | K5: 121.15 | L5: 511.02 | M5: 977.13 | N5: 1019.67 | O5: 1178.61 | P5: 1182.66
A6: 43586 | B6: 457.3 | C6: 210.98 | D6: 119.06 | E6: 409.61 | F6: 166.47 | G6: 417.59 | H6: 134.25 | I6: 436.26 | J6: 612.77 | K6: 111.88 | L6: 483.45 | M6: 979.97 | N6: 1024.46 | O6: 1162.95 | P6: 1184.53
A7: 43617 | B7: 462.76 | C7: 201.73 | D7: 115.39 | E7: 400.61 | F7: 160.56 | G7: 420.18 | H7: 146.88 | I7: 430.88 | J7: 626.62 | K7: 111.16 | L7: 518.93 | M7: 981.04 | N7: 1018.63 | O7: 1170.59 | P7: 1175.48
A8: 43647 | B8: 426.73 | C8: 198.05 | D8: 113.41 | E8: 405.07 | F8: 166.41 | G8: 409.82 | H8: 154.12 | I8: 427.05 | J8: 675.1 | K8: 88.9 | L8: 548.71 | M8: 978.94 | N8: 1027.38 | O8: 1154.45 | P8: 1138.38
A9: 43678 | B9: 411.69 | C9: 199.06 | D9: 116.46 | E9: 400.03 | F9: 165.89 | G9: 401.35 | H9: 132.19 | I9: 432.75 | J9: 645 | K9: 93.22 | L9: 519.76 | M9: 977 | N9: 1003.4 | O9: 1142.86 | P9: 1143.72
A10: 43709 | B10: 460.77 | C10: 205.65 | D10: 119.8 | E10: 402 | F10: 160.36 | G10: 418.37 | H10: 156.95 | I10: 480.06 | J10: 656.16 | K10: 125.74 | L10: 496.34 | M10: 980.74 | N10: 1012.16 | O10: 1166.05 | P10: 1156.57
A11: 43739 | B11: 352.99 | C11: 201.87 | D11: 117.5 | E11: 398.42 | F11: 170.87 | G11: 417.28 | H11: 97.77 | I11: 544.71 | J11: 668.4 | K11: 95.92 | L11: 434.2 | M11: 980.51 | N11: 1023.69 | O11: 1172.98 | P11: 1181.99
A12: 43770 | B12: 355.32 | C12: 204.24 | D12: 117.96 | E12: 405.28 | F12: 175.35 | G12: 418.64 | H12: 99.24 | I12: 546.4 | J12: 651.44 | K12: 97.13 | L12: 427.99 | M12: 980.5 | N12: 1014.63 | O12: 1156.08 | P12: 1184.13
A13: 43800 | B13: 371.23 | C13: 200.01 | D13: 115.39 | E13: 400 | F13: 179.96 | G13: 411.74 | H13: 110.02 | I13: 492.83 | J13: 645.63 | K13: 84.79 | L13: 468.11 | M13: 983.44 | N13: 1015.97 | O13: 1135.37 | P13: 1160.62
... A92: 46204 | B92: 2276.95 | C92: 829.65 | D92: 523.84 | E92: 1568.17 | F92: 826.79 | G92: 1554.01 | H92: 1129.57 | I92: 2200.03 | J92: 3127.08 | K92: 443.71 | L92: 2848.58 | M92: 3831.91 | N92: 5986.92 | O92: 6360.79 | P92: 5443.59
A94: Naira, national average across markets. Source: World Bank, Monthly food price estimates by product and market, Nigeria (NGA_RTFP_mkt_2007_2026-08-03.csv). Monthly estimated (close) prices.

Sheet Zones
A1: Month | B1: Zone | C1: Rice (1 kg) | D1: Beans (2.5 kg) | E1: Garri (1 kg) | F1: Plate cost
A2: 43466 | B2: North Central | C2: 361.06 | D2: 555.96 | E2: 181.37 | F2: =C2+D2/2.5+E2 -> 764.814
A3: 43466 | B3: North West | C3: 315.66 | D3: 562.77 | E3: 178.08 | F3: =C3+D3/2.5+E3 -> 718.848
A4: 43466 | B4: South East | C4: 414.6 | D4: 516.57 | E4: 156.72 | F4: =C4+D4/2.5+E4 -> 777.948
A5: 43466 | B5: South South | C5: 430.73 | D5: 561.52 | E5: 161.53 | F5: =C5+D5/2.5+E5 -> 816.868
A6: 43466 | B6: South West | C6: 348.28 | D6: 560.36 | E6: 130.85 | F6: =C6+D6/2.5+E6 -> 703.274
A7: 43497 | B7: North Central | C7: 368.77 | D7: 547.28 | E7: 179.42 | F7: =C7+D7/2.5+E7 -> 767.102
A8: 43497 | B8: North West | C8: 323.59 | D8: 525.63 | E8: 169.87 | F8: =C8+D8/2.5+E8 -> 703.712
A9: 43497 | B9: South East | C9: 409.93 | D9: 518.39 | E9: 158.06 | F9: =C9+D9/2.5+E9 -> 775.346
A10: 43497 | B10: South South | C10: 423.78 | D10: 572.7 | E10: 168.4 | F10: =C10+D10/2.5+E10 -> 821.26
A11: 43497 | B11: South West | C11: 334.13 | D11: 592.7 | E11: 130.82 | F11: =C11+D11/2.5+E11 -> 702.03
A12: 43525 | B12: North Central | C12: 369.39 | D12: 523.01 | E12: 166.18 | F12: =C12+D12/2.5+E12 -> 744.774
A13: 43525 | B13: North West | C13: 321.94 | D13: 504.79 | E13: 168.02 | F13: =C13+D13/2.5+E13 -> 691.876
... A456: 46204 | B456: South West | C456: 2121.61 | D456: 2041.45 | E456: 778.48 | F456: =C456+D456/2.5+E456 -> 3716.67
A458: Plate cost = 1 kg rice + 1 kg beans + 1 kg garri, in naira. Beans are priced per 2.5 kg, so they're divided by 2.5. Same source as the Prices sheet.
